Order Number,SKU,Tracking Number,Carrier,Shipped At,Ordered At
200014454444928,GasOne8ozP8,C12201731423535,Buy Shipping,2026-01-27 17:59:45.851+00,2026-01-23 21:23:54+00
200013828688380,GasOne8ozP8,C12201731423535,Buy Shipping,2026-01-27 17:59:45.563+00,2026-01-23 21:26:36+00
112-5049288-5357830,OL_TCS_DB1,C12201731377328,Buy Shipping,2026-01-26 22:42:15.643+00,2026-01-24 00:56:02+00
112-9796834-1577024,OL_TCS_TB1,C12201731377328,Buy Shipping,2026-01-26 22:42:15.322+00,2026-01-24 21:36:35+00
112-7483803-0784232,8T-2IF5-0PUF,C12201731176019,Other,2026-01-23 17:55:24.917+00,2026-01-22 15:27:12+00
113-6616130-1312204,8T-2IF5-0PUF,C12201731174039,Other,2026-01-23 17:54:52.474+00,2026-01-22 12:57:22+00
112-5111975-6312269,8T-2IF5-0PUF,C12201731172851,Other,2026-01-23 17:54:12.04+00,2026-01-22 11:24:54+00
114-1593771-1173823,8T-2IF5-0PUF,C12201731176316,Other,2026-01-23 17:53:41.151+00,2026-01-22 08:12:56+00
114-5122933-5363467,XS-V7QF-QM4C,C12201731116932,Other,2026-01-22 20:21:44.104+00,2026-01-21 23:42:11+00
113-3188466-7156267,XS-V7QF-QM4C,C12201731117542,Other,2026-01-22 20:21:07.403+00,2026-01-21 22:25:36+00
111-9277781-6636249,XS-V7QF-QM4C,C12201731122591,Other,2026-01-22 20:20:34.615+00,2026-01-21 22:21:56+00
112-2162981-7568241,XS-V7QF-QM4C,C12201731116817,Other,2026-01-22 20:20:02.749+00,2026-01-21 19:37:20+00
114-9359943-1703427,8T-2IF5-0PUF,C12201731108236,Other,2026-01-22 19:34:18.142+00,2026-01-22 06:03:50+00
113-3335673-0368234,8T-2IF5-0PUF,C12201731108830,Other,2026-01-22 19:33:39.339+00,2026-01-22 04:10:32+00
111-7493396-8589838,8T-2IF5-0PUF,C12201731102402,Other,2026-01-22 19:33:01.214+00,2026-01-22 03:38:11+00
113-2389052-5101824,8T-2IF5-0PUF,C12201731104119,Other,2026-01-22 19:32:21.158+00,2026-01-22 03:02:46+00
111-1278109-2638617,8T-2IF5-0PUF,C12201731110827,Other,2026-01-22 19:31:37.759+00,2026-01-22 02:40:06+00
111-8554808-9975444,8T-2IF5-0PUF,C12201731101074,Other,2026-01-22 19:30:32.692+00,2026-01-22 01:43:30+00
112-6552668-7928247,8T-2IF5-0PUF,C12201731108682,Other,2026-01-22 19:29:53.427+00,2026-01-22 01:41:54+00
111-3020923-3127459,8T-2IF5-0PUF,C12201731100092,Other,2026-01-22 19:28:52.314+00,2026-01-22 01:35:29+00
111-9075030-8608219,8T-2IF5-0PUF,C12201731108129,Other,2026-01-22 19:28:02.734+00,2026-01-22 01:09:55+00
114-2779615-8712242,8T-2IF5-0PUF,C12201731102626,Other,2026-01-22 19:27:24.278+00,2026-01-21 22:41:19+00
111-7230546-5882666,8T-2IF5-0PUF,C12201731111461,Other,2026-01-22 19:26:17.932+00,2026-01-21 22:38:25+00
112-2400449-0861812,8T-2IF5-0PUF,C12201731111205,Other,2026-01-22 19:25:34.379+00,2026-01-21 22:36:47+00
112-3373320-2577037,8T-2IF5-0PUF,C12201729465846,Buy Shipping,2025-12-29 19:48:06.079+00,2025-12-27 22:15:17+00
112-3667772-2609829,8T-2IF5-0PUF,C12201729465846,Buy Shipping,2025-12-29 19:48:05.719+00,2025-12-27 20:01:23+00
113-2172487-3824223,OL_TCS_TB,1Z062W830340775928,UPS,2025-11-15 19:51:33.349+00,2025-11-14 20:55:09+00
113-1304970-9251465,8T-2IF5-0PUF,D10016703523549,OnTrac,2025-09-16 00:00:00+00,2025-09-16 18:20:40+00
111-1170812-8029817,45-FJ7K-3P9O,D10016702989338,OnTrac,2025-09-16 00:00:00+00,2025-09-15 23:55:33+00
111-0211387-7945842,8T-2IF5-0PUF,D10016702989297,OnTrac,2025-09-16 00:00:00+00,2025-09-16 01:11:31+00
113-2290632-6324235,45-FJ7K-3P9O,D10016703318627,OnTrac,2025-09-16 00:00:00+00,2025-09-16 18:29:32+00
114-0283944-0628230,HK-DUP5-4PAZ,D10016702989346,OnTrac,2025-09-16 00:00:00+00,2025-09-16 05:11:55+00
113-9594770-0593844,8T-2IF5-0PUF,D10016702989411,OnTrac,2025-09-16 00:00:00+00,2025-09-16 05:06:15+00
111-1242970-8181027,8T-2IF5-0PUF,D10016702989320,OnTrac,2025-09-16 00:00:00+00,2025-09-16 02:16:51+00
112-5824221-4538661,8T-2IF5-0PUF,D10016702989510,OnTrac,2025-09-16 00:00:00+00,2025-09-16 16:00:43+00
113-9708856-1983455,8T-2IF5-0PUF,D10016702989304,OnTrac,2025-09-16 00:00:00+00,2025-09-16 04:38:50+00
111-6549974-0076247,HK-DUP5-4PAZ,D10016703309642,OnTrac,2025-09-16 00:00:00+00,2025-09-16 18:14:08+00
113-9832899-7642623,45-FJ7K-3P9O,D10016702989445,OnTrac,2025-09-16 00:00:00+00,2025-09-16 07:41:32+00
111-2318999-2895405,ZTE_LDS_PNK_33.810Z_P2__FBM,D10016700312341,OnTrac,2025-09-15 00:00:00+00,2025-09-14 03:40:51+00
114-8346728-2058611,HK-DUP5-4PAZ,D10016685327580,OnTrac,2025-09-09 00:00:00+00,2025-09-08 21:16:48+00
112-5837226-6200240,8T-2IF5-0PUF,D10016685327598,OnTrac,2025-09-09 00:00:00+00,2025-09-09 14:35:26+00
112-7852264-2805067,HK-DUP5-4PAZ,D10016685327639,OnTrac,2025-09-09 00:00:00+00,2025-09-08 22:30:35+00
111-1340427-1421003,45-FJ7K-3P9O,D10016685327613,OnTrac,2025-09-09 00:00:00+00,2025-09-08 20:36:58+00
112-5319353-0606659,8T-2IF5-0PUF,D10016682114724,OnTrac,2025-09-08 00:00:00+00,2025-09-07 23:32:46+00
112-3030503-4445803,8T-2IF5-0PUF,D10016682114625,OnTrac,2025-09-08 00:00:00+00,2025-09-07 15:31:21+00
112-5225074-7097006,HK-DUP5-4PAZ,D10016682114641,OnTrac,2025-09-08 00:00:00+00,2025-09-07 02:05:40+00
112-0128897-2849805,8T-2IF5-0PUF,D10016682114691,OnTrac,2025-09-08 00:00:00+00,2025-09-07 21:37:04+00
112-6419474-2521019,8T-2IF5-0PUF,D10016682114659,OnTrac,2025-09-08 00:00:00+00,2025-09-07 22:17:00+00
112-1805137-5625063,45-FJ7K-3P9O,D10016682114633,OnTrac,2025-09-08 00:00:00+00,2025-09-07 18:24:07+00
114-2022474-5906665,8T-2IF5-0PUF,D10016682114758,OnTrac,2025-09-08 00:00:00+00,2025-09-08 00:21:37+00
111-7931212-3793842,45-FJ7K-3P9O,D10016682114675,OnTrac,2025-09-08 00:00:00+00,2025-09-06 23:12:57+00
112-3423128-1645866,GS1_8oz_P1,D10016677065495,OnTrac,2025-09-08 00:00:00+00,2025-09-06 17:16:16+00
112-1170407-6158669,45-FJ7K-3P9O,D10016682325298,OnTrac,2025-09-08 00:00:00+00,2025-09-08 17:29:56+00
112-2129422-9608250,8T-2IF5-0PUF,D10016675166344,OnTrac,2025-09-06 00:00:00+00,2025-09-05 21:25:28+00
112-9041594-5947469,CY-T49W-D8QY,D10016674713485,OnTrac,2025-09-05 00:00:00+00,2025-09-05 16:08:51+00
111-5474362-9113809,8T-2IF5-0PUF,D10016674631984,OnTrac,2025-09-05 00:00:00+00,2025-09-05 16:00:33+00
112-5384717-4492211,8T-2IF5-0PUF,D10016674632015,OnTrac,2025-09-05 00:00:00+00,2025-09-05 03:55:33+00
114-7427400-7591434,8T-2IF5-0PUF,D10016674631992,OnTrac,2025-09-05 00:00:00+00,2025-09-05 05:45:46+00
113-5785708-5624244,8T-2IF5-0PUF,D10016674632023,OnTrac,2025-09-05 00:00:00+00,2025-09-04 20:28:03+00
113-6593473-0943438,8T-2IF5-0PUF,D10016671634329,OnTrac,2025-09-04 00:00:00+00,2025-09-03 21:01:07+00
112-8770551-0502631,8T-2IF5-0PUF,D10016671634311,OnTrac,2025-09-04 00:00:00+00,2025-09-03 21:24:01+00
112-2810136-3282669,8T-2IF5-0PUF,D10016671634296,OnTrac,2025-09-04 00:00:00+00,2025-09-03 21:12:53+00
114-2320175-9029050,8T-2IF5-0PUF,D10016671634288,OnTrac,2025-09-04 00:00:00+00,2025-09-03 22:48:10+00
112-1196220-5961817,HK-DUP5-4PAZ,D10016671634353,OnTrac,2025-09-04 00:00:00+00,2025-09-04 17:50:05+00
114-7099034-2855409,8T-2IF5-0PUF,D10016671634361,OnTrac,2025-09-04 00:00:00+00,2025-09-03 22:06:23+00
111-1522506-7321843,8T-2IF5-0PUF,D10016671634303,OnTrac,2025-09-04 00:00:00+00,2025-09-04 03:53:26+00
111-9512596-4749834,45-FJ7K-3P9O,D10016671634270,OnTrac,2025-09-04 00:00:00+00,2025-09-04 12:45:04+00
112-0359186-4846656,8T-2IF5-0PUF,D10016671634345,OnTrac,2025-09-04 00:00:00+00,2025-09-04 15:15:11+00
114-4944843-0708256,8T-2IF5-0PUF,D10016671634379,OnTrac,2025-09-04 00:00:00+00,2025-09-03 22:53:14+00
114-9403595-1115413,GS1_8oz_P1,D10016668169115,OnTrac,2025-09-03 00:00:00+00,2025-09-03 17:49:51+00
111-2368849-9133840,8T-2IF5-0PUF,D10016668154413,OnTrac,2025-09-03 00:00:00+00,2025-09-03 17:25:31+00
114-6092811-1366607,OL_TCS_TB,D10016668140537,OnTrac,2025-09-03 00:00:00+00,2025-09-02 22:21:42+00
114-3272825-6116261,8T-2IF5-0PUF,D10016668080189,OnTrac,2025-09-03 00:00:00+00,2025-09-03 14:44:39+00
111-4919002-4946603,8T-2IF5-0PUF,D10016668080204,OnTrac,2025-09-03 00:00:00+00,2025-09-03 14:40:48+00
114-9314936-6389013,8T-2IF5-0PUF,D10016668080171,OnTrac,2025-09-03 00:00:00+00,2025-09-03 02:05:24+00
111-3947281-1214650,8T-2IF5-0PUF,D10016668080163,OnTrac,2025-09-03 00:00:00+00,2025-09-02 22:26:56+00
113-5321525-9361027,8T-2IF5-0PUF,D10016664802769,OnTrac,2025-09-02 00:00:00+00,2025-09-02 18:58:16+00
114-8975902-7253020,CY-T49W-D8QY,D10016664886896,OnTrac,2025-09-02 00:00:00+00,2025-08-21 16:36:06+00
111-4446207-0341040,OL_TCS_DB,D10016664810001,OnTrac,2025-09-02 00:00:00+00,2025-08-31 23:50:19+00
114-1097280-6658647,HK-DUP5-4PAZ,D10016664686882,OnTrac,2025-09-02 00:00:00+00,2025-09-02 07:25:35+00
114-1724517-2265000,ZTE_LDS_PNK_33.810Z_P6__FBM,D10016664842038,OnTrac,2025-09-02 00:00:00+00,2025-09-02 05:56:14+00
111-5764312-9431404,HK-DUP5-4PAZ,D10016664686824,OnTrac,2025-09-02 00:00:00+00,2025-08-31 23:19:14+00
02-13531-85714,LM-PGAU-YFLS,D10016664686858,OnTrac,2025-09-02 00:00:00+00,2025-08-31 22:43:15+00
112-0386898-9576228,8T-2IF5-0PUF,D10016664686931,OnTrac,2025-09-02 00:00:00+00,2025-09-02 14:44:00+00
112-5414433-2797819,OL_TCS_WG,D10016654413766,OnTrac,2025-08-29 00:00:00+00,2025-08-28 23:06:32+00
113-7542860-6525050,OL_TCS_DB,D10016654399833,OnTrac,2025-08-29 00:00:00+00,2025-08-28 22:41:23+00
112-3288071-8237838,OL_TCS_DB,D10016654399825,OnTrac,2025-08-29 00:00:00+00,2025-08-28 15:30:04+00
114-3050337-5437059,8T-2IF5-0PUF,D10016651735204,OnTrac,2025-08-28 00:00:00+00,2025-08-28 15:27:46+00
114-6388815-4201815,8T-2IF5-0PUF,D10016652001604,OnTrac,2025-08-28 00:00:00+00,2025-08-28 18:43:57+00
111-3786894-1354655,45-FJ7K-3P9O,D10016651735197,OnTrac,2025-08-28 00:00:00+00,2025-08-28 15:24:33+00
113-1179235-3997055,45-FJ7K-3P9O,D10016648860379,OnTrac,2025-08-27 00:00:00+00,2025-08-27 08:13:32+00
111-8771233-6145825,8T-2IF5-0PUF,D10016648860387,OnTrac,2025-08-27 00:00:00+00,2025-08-27 14:08:08+00
113-7498203-7217829,HK-DUP5-4PAZ,D10016646605173,OnTrac,2025-08-27 00:00:00+00,2025-08-26 20:00:39+00
113-5007102-3082616,8T-2IF5-0PUF,D10016646246638,OnTrac,2025-08-26 00:00:00+00,2025-08-26 18:35:52+00
114-8686506-0631465,8T-2IF5-0PUF,D10016646246604,OnTrac,2025-08-26 00:00:00+00,2025-08-26 17:27:43+00
111-6562516-8441068,8T-2IF5-0PUF,D10016646246646,OnTrac,2025-08-26 00:00:00+00,2025-08-26 14:38:36+00
112-2963372-1016263,8T-2IF5-0PUF,D10016646246662,OnTrac,2025-08-26 00:00:00+00,2025-08-26 17:49:48+00
113-0830589-3523410,XS-V7QF-QM4C,D10016646235350,OnTrac,2025-08-26 00:00:00+00,2025-08-26 13:52:01+00
114-2830245-2113820,8T-2IF5-0PUF,D10016643120223,OnTrac,2025-08-25 00:00:00+00,2025-08-25 16:35:15+00
113-5659155-4083449,8T-2IF5-0PUF,D10016643119929,OnTrac,2025-08-25 00:00:00+00,2025-08-25 05:24:56+00
111-1942900-7134610,8T-2IF5-0PUF,D10016643119937,OnTrac,2025-08-25 00:00:00+00,2025-08-25 01:30:37+00
112-6437241-7626605,45-FJ7K-3P9O,D10016643119903,OnTrac,2025-08-25 00:00:00+00,2025-08-24 16:59:44+00
113-1949564-5318610,8T-2IF5-0PUF,D10016643119945,OnTrac,2025-08-25 00:00:00+00,2025-08-25 12:35:06+00
111-1312220-2955415,8T-2IF5-0PUF,D10016643120265,OnTrac,2025-08-25 00:00:00+00,2025-08-25 16:48:10+00
114-1012835-6945845,HK-DUP5-4PAZ,D10016643120356,OnTrac,2025-08-25 00:00:00+00,2025-08-25 16:57:35+00
112-9775710-9117052,ZTE_LDS_PNK_33.810Z_P6__FBM,D10016643240823,OnTrac,2025-08-25 00:00:00+00,2025-08-25 04:33:25+00
112-0994536-6847455,8T-2IF5-0PUF,D10016643119888,OnTrac,2025-08-25 00:00:00+00,2025-08-24 20:51:10+00
113-5244383-5874617,8T-2IF5-0PUF,D10016643119911,OnTrac,2025-08-25 00:00:00+00,2025-08-24 19:44:46+00
112-4283904-8170612,HK-DUP5-4PAZ,D10016638511601,OnTrac,2025-08-23 00:00:00+00,2025-08-23 02:10:11+00
24-13462-92931,LM-ZQIR-NBXK,D10016628858039,OnTrac,2025-08-19 00:00:00+00,2025-08-18 20:48:30+00
111-6232027-2776251,BW-KT-2150BL-FBM,D10016628879085,OnTrac,2025-08-19 00:00:00+00,2025-08-19 16:37:38+00
114-2594478-1544200,8T-2IF5-0PUF,D10016628845648,OnTrac,2025-08-19 00:00:00+00,2025-08-19 15:25:19+00
111-2590996-1025822,8T-2IF5-0PUF,D10016628845622,OnTrac,2025-08-19 00:00:00+00,2025-08-19 09:14:31+00
114-1852167-2289005,8T-2IF5-0PUF,D10016607710391,OnTrac,2025-08-11 00:00:00+00,2025-08-10 22:29:37+00
114-4112815-2893806,8T-2IF5-0PUF,D10016600800553,OnTrac,2025-08-08 00:00:00+00,2025-08-07 22:24:03+00
113-7874226-2357834,8T-2IF5-0PUF,D10016600800587,OnTrac,2025-08-08 00:00:00+00,2025-08-08 14:21:08+00
111-9013344-9956218,OL_TCS_WG,D10016589599970,OnTrac,2025-08-04 00:00:00+00,2025-08-03 14:51:17+00
111-3848652-0158614,GO-BTG-GS1-P24,D10016582599430,OnTrac,2025-08-01 00:00:00+00,2025-08-01 09:13:11+00
111-4813700-5759454,8T-2IF5-0PUF,D10016580010082,OnTrac,2025-07-31 00:00:00+00,2025-07-31 16:25:39+00
113-1629360-4437015,8T-2IF5-0PUF,D10016580010074,OnTrac,2025-07-31 00:00:00+00,2025-07-30 23:41:57+00
114-2138460-9064211,8T-2IF5-0PUF,D10016577748498,OnTrac,2025-07-31 00:00:00+00,2025-07-30 19:57:26+00
113-3465084-9880200,HK-DUP5-4PAZ,D10016577253471,OnTrac,2025-07-30 00:00:00+00,2025-07-30 05:01:32+00
111-6037461-5061065,GO-BTG-GS1-P24,D10016571627002,OnTrac,2025-07-28 00:00:00+00,2025-07-27 17:11:21+00
113-8208898-4675466,DWNY-AF-LIQ-10OZ-12PK,D10016571974437,OnTrac,2025-07-28 00:00:00+00,2025-07-28 20:05:50+00
113-1191789-5583450,GO-BTG-GS1-P24,D10016564809310,OnTrac,2025-07-25 00:00:00+00,2025-07-25 03:17:27+00
113-1682538-0837013,8T-2IF5-0PUF,D10016560019830,OnTrac,2025-07-23 00:00:00+00,2025-07-23 17:05:30+00
114-5563353-3596237,DWNY-AF-LIQ-10OZ-12PK,D10016557367234,OnTrac,2025-07-22 00:00:00+00,2025-07-21 23:09:51+00
113-4731573-2797802,8T-2IF5-0PUF,D10016554452137,OnTrac,2025-07-21 00:00:00+00,2025-07-20 23:51:25+00
112-4642438-8115446,8T-2IF5-0PUF,D10016554452129,OnTrac,2025-07-21 00:00:00+00,2025-07-21 12:38:45+00
113-3529582-6573019,HK-DUP5-4PAZ,D10016550456232,OnTrac,2025-07-19 00:00:00+00,2025-07-19 14:45:14+00
112-4730037-4274606,8T-2IF5-0PUF,D10016543274964,OnTrac,2025-07-16 00:00:00+00,2025-07-15 23:02:17+00
111-3704947-3587415,HK-DUP5-4PAZ,D10016543274956,OnTrac,2025-07-16 00:00:00+00,2025-07-16 04:42:49+00
113-7264642-5506633,8T-2IF5-0PUF,D10016543274948,OnTrac,2025-07-16 00:00:00+00,2025-07-16 13:59:58+00
111-9119135-7694606,8T-2IF5-0PUF,D10016543275003,OnTrac,2025-07-16 00:00:00+00,2025-07-16 02:52:52+00
113-7491684-5554602,45-FJ7K-3P9O,D10016540799642,OnTrac,2025-07-15 00:00:00+00,2025-07-15 06:16:32+00
112-7945556-7901813,8T-2IF5-0PUF,D10016541152039,OnTrac,2025-07-15 00:00:00+00,2025-07-15 17:24:29+00
112-2160879-6834604,45-FJ7K-3P9O,D10016537950348,OnTrac,2025-07-14 00:00:00+00,2025-07-14 12:39:42+00
113-1921581-7483417,8T-2IF5-0PUF,D10016530965576,OnTrac,2025-07-11 00:00:00+00,2025-07-11 14:50:07+00
112-9998929-9866656,GO-BTG-GS1-P24,D10016527971700,OnTrac,2025-07-10 00:00:00+00,2025-07-09 23:10:07+00
111-4453752-6545046,8T-2IF5-0PUF,D10016520733983,OnTrac,2025-07-08 00:00:00+00,2025-07-08 10:21:38+00
112-1543051-7384223,8T-2IF5-0PUF,D10016512223570,OnTrac,2025-07-05 00:00:00+00,2025-07-04 19:56:43+00
111-0855171-9086646,8T-2IF5-0PUF,D10016512223603,OnTrac,2025-07-05 00:00:00+00,2025-07-04 02:20:01+00
114-4389861-4619408,OL_TCS_DB,D10016512463077,OnTrac,2025-07-05 00:00:00+00,2025-07-05 18:58:13+00
112-7474923-4686653,8T-2IF5-0PUF,D10016512223588,OnTrac,2025-07-05 00:00:00+00,2025-07-04 14:36:39+00
114-3876317-5760259,8T-2IF5-0PUF,D10016508527407,OnTrac,2025-07-03 00:00:00+00,2025-07-02 22:44:13+00
114-7589485-5199433,45-FJ7K-3P9O,D10016505702143,OnTrac,2025-07-02 00:00:00+00,2025-07-02 00:02:03+00
111-8340937-6265064,8T-2IF5-0PUF,D10016505702127,OnTrac,2025-07-02 00:00:00+00,2025-07-02 12:36:57+00
111-3240780-1370625,8T-2IF5-0PUF,D10016505702135,OnTrac,2025-07-02 00:00:00+00,2025-07-02 05:33:39+00
111-7534092-5323438,HK-DUP5-4PAZ,D10016502765558,OnTrac,2025-07-01 00:00:00+00,2025-06-30 20:59:25+00
114-2863103-9822640,FB-NEE4-QHZS,D10016502778824,OnTrac,2025-07-01 00:00:00+00,2025-06-30 21:54:51+00
111-3807362-7248255,GO-BTG-GS1-P24,D10016499794040,OnTrac,2025-06-30 00:00:00+00,2025-06-29 13:41:00+00
114-3846906-6274633,GO-BTG-GS1-P24,D10016499794032,OnTrac,2025-06-30 00:00:00+00,2025-06-29 16:25:53+00
111-8478851-9948237,GO-BTG-GS1-P24,D10016499794016,OnTrac,2025-06-30 00:00:00+00,2025-06-29 21:57:58+00
114-2323354-9609818,HK-DUP5-4PAZ,D10016499635020,OnTrac,2025-06-30 00:00:00+00,2025-06-30 15:40:18+00
113-9563871-9483443,45-FJ7K-3P9O,D10016499634957,OnTrac,2025-06-30 00:00:00+00,2025-06-30 12:35:48+00
112-6516771-2558657,45-FJ7K-3P9O,D10016499634999,OnTrac,2025-06-30 00:00:00+00,2025-06-30 13:20:56+00
112-2955102-6453821,8T-2IF5-0PUF,D10016499634915,OnTrac,2025-06-30 00:00:00+00,2025-06-29 03:12:27+00
113-3674876-2256254,8T-2IF5-0PUF,D10016499634882,OnTrac,2025-06-30 00:00:00+00,2025-06-28 20:58:20+00
113-0370409-6624204,8T-2IF5-0PUF,D10016499634874,OnTrac,2025-06-30 00:00:00+00,2025-06-30 02:40:58+00
113-8914129-5976212,8T-2IF5-0PUF,D10016499634907,OnTrac,2025-06-30 00:00:00+00,2025-06-29 04:12:25+00
113-2225640-5458640,8T-2IF5-0PUF,D10016499634866,OnTrac,2025-06-30 00:00:00+00,2025-06-29 03:40:56+00
114-0144784-5753059,HK-DUP5-4PAZ,D10016494171079,OnTrac,2025-06-28 00:00:00+00,2025-06-28 04:23:53+00
114-0244473-2367474,8T-2IF5-0PUF,D10016494171061,OnTrac,2025-06-28 00:00:00+00,2025-06-27 23:57:29+00
111-3308696-6688231,8T-2IF5-0PUF,D10016491793636,OnTrac,2025-06-27 00:00:00+00,2025-06-26 20:41:30+00
112-9341989-7741833,8T-2IF5-0PUF,D10016491793610,OnTrac,2025-06-27 00:00:00+00,2025-06-26 20:57:39+00
113-1078356-9395401,8T-2IF5-0PUF,D10016491793644,OnTrac,2025-06-27 00:00:00+00,2025-06-27 14:09:18+00
114-0881752-5651433,DWNY-AF-LIQ-10OZ-12PK,D10016489612749,OnTrac,2025-06-27 00:00:00+00,2025-06-26 19:11:31+00
111-7724534-1402628,8T-2IF5-0PUF,D10016491793660,OnTrac,2025-06-27 00:00:00+00,2025-06-27 05:09:25+00
113-7862380-9270608,8T-2IF5-0PUF,D10016492088440,OnTrac,2025-06-27 00:00:00+00,2025-06-27 18:06:13+00
113-0494605-8989865,8T-2IF5-0PUF,D10016489340944,OnTrac,2025-06-26 00:00:00+00,2025-06-26 06:34:23+00
113-7537510-2824232,8T-2IF5-0PUF,D10016489340770,OnTrac,2025-06-26 00:00:00+00,2025-06-26 01:14:14+00
111-3228023-6953049,45-FJ7K-3P9O,D10016489340978,OnTrac,2025-06-26 00:00:00+00,2025-06-26 16:16:45+00
111-0602463-3120267,8T-2IF5-0PUF,D10016489340762,OnTrac,2025-06-26 00:00:00+00,2025-06-25 20:06:10+00
114-2016254-4473810,8T-2IF5-0PUF,D10016489340796,OnTrac,2025-06-26 00:00:00+00,2025-06-26 00:14:38+00
113-6242479-9142633,8T-2IF5-0PUF,D10016489340754,OnTrac,2025-06-26 00:00:00+00,2025-06-26 01:42:44+00
112-7306754-0136269,DWNY-AF-LIQ-10OZ-12PK,D10016489419822,OnTrac,2025-06-26 00:00:00+00,2025-06-26 02:25:21+00
112-8728057-4371441,45-FJ7K-3P9O,D10016486881363,OnTrac,2025-06-25 00:00:00+00,2025-06-25 17:42:17+00
114-6476995-2588253,8T-2IF5-0PUF,D10016486881272,OnTrac,2025-06-25 00:00:00+00,2025-06-25 08:00:32+00
111-2040651-1685043,8T-2IF5-0PUF,D10016486881321,OnTrac,2025-06-25 00:00:00+00,2025-06-25 07:56:24+00
112-3441704-7971454,OL_TCS_DB,D10016481474353,OnTrac,2025-06-24 00:00:00+00,2025-06-23 19:11:10+00
114-5462028-3426669,OL_TCS_DB,D10016481474361,OnTrac,2025-06-24 00:00:00+00,2025-06-23 20:21:54+00
114-3929291-3057802,8T-2IF5-0PUF,D10016483896472,OnTrac,2025-06-24 00:00:00+00,2025-06-24 01:03:02+00
111-2941149-9886650,8T-2IF5-0PUF,D10016483930098,OnTrac,2025-06-24 00:00:00+00,2025-06-24 13:47:28+00
111-3034844-0898641,OL_TCS_TB,D10016480823874,OnTrac,2025-06-23 00:00:00+00,2025-06-22 15:57:09+00
112-4543835-2023420,OL_TCS_TB,D10016480823882,OnTrac,2025-06-23 00:00:00+00,2025-06-22 22:49:56+00
112-3043238-1293852,OL_TCS_DB,D10016480889470,OnTrac,2025-06-23 00:00:00+00,2025-06-22 10:08:13+00
113-4599889-4660246,OL_TCS_DB,D10016480889503,OnTrac,2025-06-23 00:00:00+00,2025-06-22 02:54:57+00
113-5626647-2250653,OL_TCS_WG,D10016480963927,OnTrac,2025-06-23 00:00:00+00,2025-06-22 06:13:11+00
114-3010997-5843426,OL_TCS_WG,D10016480963951,OnTrac,2025-06-23 00:00:00+00,2025-06-22 00:54:02+00
114-4372500-4049005,8T-2IF5-0PUF,D10016481003970,OnTrac,2025-06-23 00:00:00+00,2025-06-22 23:12:08+00
111-6944826-6477020,OL_TCS_DB,D10016480889529,OnTrac,2025-06-23 00:00:00+00,2025-06-22 01:55:37+00
113-2407915-6563463,OL_TCS_DB,D10016480889511,OnTrac,2025-06-23 00:00:00+00,2025-06-22 04:02:55+00
114-8655385-0437811,OL_TCS_DB,D10016480889462,OnTrac,2025-06-23 00:00:00+00,2025-06-22 04:22:12+00
113-2919420-8907445,OL_TCS_DB,D10016480889488,OnTrac,2025-06-23 00:00:00+00,2025-06-23 02:21:51+00
113-6529138-7233831,OL_TCS_WG,D10016476051124,OnTrac,2025-06-21 00:00:00+00,2025-06-20 22:43:51+00
112-9761961-8722649,OL_TCS_TB,D10016476046050,OnTrac,2025-06-21 00:00:00+00,2025-06-20 20:02:55+00
113-0828762-8001806,9Y-61VM-DY6M,D10016468634871,OnTrac,2025-06-18 00:00:00+00,2025-06-18 02:02:41+00
111-5631055-2844267,HK-DUP5-4PAZ,D10016447887631,OnTrac,2025-06-10 00:00:00+00,2025-06-10 15:45:02+00
111-2472928-1757836,8T-2IF5-0PUF,D10016430160721,OnTrac,2025-06-03 00:00:00+00,2025-06-03 14:00:09+00
111-4563873-9540265,PS_OG_PINE_60OZ_P1__FBM,D10016412309884,OnTrac,2025-05-27 00:00:00+00,2025-05-26 03:10:26+00
112-6087282-8734656,PS_OG_PINE_60OZ_P1__FBM,D10016412321416,OnTrac,2025-05-27 00:00:00+00,2025-05-24 16:59:31+00
111-6475515-1000215,PS_OG_PINE_60OZ_P1__FBM,D10016412055247,OnTrac,2025-05-27 00:00:00+00,2025-05-26 15:50:19+00
113-1171224-6018606,8T-2IF5-0PUF,D10016405130915,OnTrac,2025-05-24 00:00:00+00,2025-05-24 02:52:11+00
111-5155193-4696208,HK-DUP5-4PAZ,D10016403172084,OnTrac,2025-05-23 00:00:00+00,2025-05-23 05:02:01+00
111-3781962-2119451,8T-2IF5-0PUF,D10016397574081,OnTrac,2025-05-21 00:00:00+00,2025-05-21 18:15:44+00
111-9749813-9603428,8T-2IF5-0PUF,D10016397220345,OnTrac,2025-05-21 00:00:00+00,2025-05-21 17:21:01+00
112-2739752-8476212,45-FJ7K-3P9O,D10016397054322,OnTrac,2025-05-21 00:00:00+00,2025-05-21 07:16:16+00
112-4103527-0283440,8T-2IF5-0PUF,D10016394309514,OnTrac,2025-05-20 00:00:00+00,2025-05-19 23:53:37+00
114-3896646-8463416,8T-2IF5-0PUF,D10016391389246,OnTrac,2025-05-19 00:00:00+00,2025-05-18 03:07:13+00
112-2609352-7832265,OL_TCS_WG,D10016391410108,OnTrac,2025-05-19 00:00:00+00,2025-05-18 17:47:10+00
113-5235169-3716258,HK-DUP5-4PAZ,D10016391389254,OnTrac,2025-05-19 00:00:00+00,2025-05-19 01:19:08+00
113-2369611-0121012,PS_OG_PINE_60OZ_P1__FBM,D10016391522846,OnTrac,2025-05-19 00:00:00+00,2025-05-18 21:35:55+00
112-1909612-0218624,PS_OG_PINE_60OZ_P1__FBM,D10016386086138,OnTrac,2025-05-17 00:00:00+00,2025-05-16 17:45:02+00
112-5266465-5442634,PS_OG_PINE_60OZ_P1__FBM,D10016358006817,OnTrac,2025-05-06 00:00:00+00,2025-04-29 20:58:20+00
111-4549164-8469810,45-FJ7K-3P9O,D10016360587970,OnTrac,2025-05-06 00:00:00+00,2025-05-05 22:25:40+00
114-7904830-0210635,PS_OG_PINE_60OZ_P1__FBM,D10016357641052,OnTrac,2025-05-05 00:00:00+00,2025-05-04 16:58:40+00
112-4672557-8927464,PS_OG_PINE_60OZ_P1__FBM,D10016347977706,OnTrac,2025-05-01 00:00:00+00,2025-05-01 15:16:41+00
113-4498629-7724222,PS_OG_PINE_60OZ_P1__FBM,D10016348088304,OnTrac,2025-05-01 00:00:00+00,2025-04-30 21:40:51+00
111-7604173-5229039,PS_OG_PINE_60OZ_P1__FBM,D10016347891336,OnTrac,2025-05-01 00:00:00+00,2025-04-30 20:41:14+00
114-3567045-5720237,PS_OG_PINE_60OZ_P1__FBM,D10016347857297,OnTrac,2025-05-01 00:00:00+00,2025-05-01 00:18:05+00
114-9908594-5181031,52-OO1L-Q20E,92346412350225092545099353,USPS,2025-04-24 21:53:45.652+00,2024-01-19 11:34:03+00
112-0674098-0215407,GT-30MK-6LRQ,92346272283167020277025045,USPS,2025-04-24 21:53:23.319+00,2024-01-19 12:27:12+00
113-9541510-9636225,XS-V7QF-QM4C,92346208070402082856000226,USPS,2024-08-24 17:47:54.041+00,2024-01-19 15:48:12+00
113-4470952-6518649,52-OO1L-Q20E,92346959157654044076070539,USPS,2024-08-24 17:47:37.994+00,2024-01-19 15:26:44+00
112-8248347-4075452,FB-NEE4-QHZS,92346542742620044333068441,USPS,2024-08-24 17:47:21.926+00,2024-01-19 14:50:34+00
112-9977273-6717009,GT-30MK-6LRQ,92346750604385060403057199,USPS,2024-08-24 17:47:03.187+00,2024-01-19 14:10:14+00
200014310610335,GasOne8ozP4,C12201730039341,Buy Shipping,,2026-01-05 18:45:43+00
200014100115785,GasOne8ozP4,C12201730039341,Buy Shipping,,2026-01-05 18:49:57+00
